<?xml version="1.0" encoding="UTF-8"?>
<beans xmlns="http://www.springframework.org/schema/beans"
	xmlns:xsi="http://www.w3.org/2001/XMLSchema-instance"
	xsi:schemaLocation="http://www.springframework.org/schema/beans http://www.springframework.org/schema/beans/spring-beans.xsd
		http://www.springframework.org/schema/tx http://www.springframework.org/schema/tx/spring-tx.xsd"
	xmlns:tx="http://www.springframework.org/schema/tx">

	<bean id="myds" class="org.springframework.jdbc.datasource.DriverManagerDataSource">
		<property name="driverClassName" value="oracle.jdbc.OracleDriver"/>
		<property name="url" value="jdbc:oracle:thin:@DESKTOP-EPTT35F:1521:xe"/>
		<property name="username" value="scott"/>
		<property name="password" value="tiger"/>
	</bean>
	
	<!-- Properties of a manager in the company
	
		Properties props = new Properites();
		
		props.put("manager.nature","calm");
		..	manager.supportive = yes
		..	manager.assertive = assertive
		..	manager.request = yes
	
		props.load();
	-->
	
	<bean id="mySessionFactory" class="org.springframework.orm.hibernate5.LocalSessionFactoryBean">
		<property name="dataSource" ref="myds"/>  <!-- setDataSource() -->
		<property name="hibernateProperties"> <!-- setHibernateProperties(Properties) -->
			<value>
				hibernate.dialect=org.hibernate.dialect.Oracle10gDialect
				hibernate.hbm2ddl.auto=update
				hibernate.show_sql=true
				hibernate.current_session_context_class=thread
			</value>
		</property>
		<property name="mappingResources">  <!-- setMappingResources() -->
			<list>
				<value>ex1/Product.hbm.xml</value>
			</list>
		</property>
	</bean>
	
	<bean id="txManager" class="org.springframework.orm.hibernate5.HibernateTransactionManager">
		<property name="sessionFactory" ref="mySessionFactory"></property>
	
	</bean>

<!-- 	DriverManagerDataSource dmds = new DriverManagerDataSource();
	dmds.setDriverClassName( put the class name here);
	dmds.setUrl(url here);
	dmds.setUserName(user);
	dmds.setPassword(pass);
	
	LocalSessionFactoryBean lsfb = new LocalSessionFactoryBean();
	lsfb.setDataSource(dmds);
	lsfb.hibernateProperties(props) ; props are key and values
	lsfb.mappingResources("ex1/Product.hbm.xml");
	
	SessionFactory sf = lsfb.getSessionFactory();
	
	HibernateProductRepository hpr = new HibernateProductRepository();
	hpr.setSessionFactory(sf); 
	
	Product p = new Product(...); //get it filled from angular
	hpr.add(p);
	-->
	
	<bean id="productRepository" class="ex1.HibernateProductRepository">
		<property name="sessionFactory" ref="mySessionFactory"/>  <!-- setAbc -->
	
	</bean>
</beans>



<!-- DriverManagerDataSource dmds = new DriverManagerDataSource();
	dmds.setDriver();
	dmds.setUrl();
	
	LocalSessionFactoryBean lsfb = new LocalSessionFactoryBean();
	lsfb.setDataSource(dmds);
	 -->	

	 
	 <!-- 	Properties p = new Properties();
		p.put("hibernate.dialect","org.hibernate.dialect.Oracle10gDialect");
		..
		.. -->