<?xml version="1.0" encoding="UTF-8"?>

<!DOCTYPE hibernate-mapping PUBLIC
	"-//Hibernate/Hibernate Mapping DTD 3.0/EN"
	"http://www.hibernate.org/dtd/hibernate-mapping-3.0.dtd">
	
<hibernate-mapping>
	<class name="ex1.Product" table="products">
	
	<id name="productId" type="int"> 
		<column name="prod_id" not-null="true"></column>
		<generator class="increment"></generator>
	</id>
	 
	<property name="productName"  column="prod_name" length="20"/>
	<property name="description"  column="prod_desc" length="20"/>
	<property name="price"   	  column="prod_price"/>
	<property name="quantity"     column="prod_qty" />
	</class>
	
</hibernate-mapping>
	