<?xml version="1.0" encoding="UTF-8"?>
<beans xmlns="http://www.springframework.org/schema/beans"
	xmlns:xsi="http://www.w3.org/2001/XMLSchema-instance"
	xsi:schemaLocation="http://www.springframework.org/schema/beans http://www.springframework.org/schema/beans/spring-beans.xsd">
	
	<bean id="mycar" class="carshowroom.Car">
		<constructor-arg ref="myengine"> </constructor-arg>
	</bean>
	
	<bean id="myengine" class="carfactory.Engine">
		<constructor-arg ref="mypiston"> </constructor-arg>
	</bean>
	
	<bean id="mypiston" class="pistonunitfactory.Piston">
		<constructor-arg ref="mycyl"></constructor-arg>
	</bean>
	
	<bean id="mycyl" class="carcylinderfactory.Cylinder">
		<constructor-arg value="20" type="int"></constructor-arg>
	</bean>
	
</beans>

	